<?xml version="1.0" encoding="UTF-8"?>
<beans xmlns="http://www.springframework.org/schema/beans"
       xmlns:xsi="http://www.w3.org/2001/XMLSchema-instance"
       xmlns:tx="http://www.springframework.org/schema/tx" xmlns:context="http://www.springframework.org/schema/context"
       xsi:schemaLocation="http://www.springframework.org/schema/beans http://www.springframework.org/schema/beans/spring-beans.xsd http://www.springframework.org/schema/tx http://www.springframework.org/schema/tx/spring-tx.xsd http://www.springframework.org/schema/context http://www.springframework.org/schema/context/spring-context.xsd">



    <!-- 配置整合mybatis过程 -->
    <!-- 1.配置数据库相关参数properties的属性：${url} -->
    <context:property-placeholder location="classpath:jdbc.properties" />

    <!-- 2.数据库连接池 -->
    <bean id="dataSource" class="com.mchange.v2.c3p0.ComboPooledDataSource">
        <property name="driverClass" value="${jdbc.driver}" />
        <property name="jdbcUrl" value="${jdbc.url}" />
        <property name="user" value="${jdbc.username}" />
        <property name="password" value="${jdbc.password}" />

        <!-- c3p0连接池的私有属性 -->
        <property name="maxPoolSize" value="30" />
        <property name="minPoolSize" value="10" />
        <!-- 关闭连接后不自动commit -->
        <property name="autoCommitOnClose" value="false" />
        <!-- 获取连接超时时间 -->
        <property name="checkoutTimeout" value="10000" />
        <!-- 当获取连接失败重试次数 -->
        <property name="acquireRetryAttempts" value="2" />
    </bean>

    <!-- 3.配置SqlSessionFactory对象 -->
    <bean id="sqlSessionFactory" class="org.mybatis.spring.SqlSessionFactoryBean">
        <!-- 注入数据库连接池 -->
        <property name="dataSource" ref="dataSource" />
        <!-- 配置MyBaties全局配置文件:mybatis-config.xml -->
        <property name="configLocation" value="classpath:mybatis-config.xml" />
        <!-- 扫描entity包 使用别名 -->
        <property name="typeAliasesPackage" value="com.cchong.logistics.entity" />
        <!-- 扫描sql配置文件:mapper需要的xml文件 -->
        <property name="mapperLocations" value="classpath:mapper/*.xml" />
    </bean>

    <!-- 4.配置扫描Dao接口包，动态实现Dao接口，注入到spring容器中 -->
    <bean class="org.mybatis.spring.mapper.MapperScannerConfigurer">
        <!-- 注入sqlSessionFactory -->
        <property name="sqlSessionFactoryBeanName" value="sqlSessionFactory" />
        <!-- 给出需要扫描Dao接口包 -->
        <property name="basePackage" value="com.cchong.logistics.dao" />
    </bean>

    <!--配置声明式事务管理-->
    <bean id="transactionManager" class="org.springframework.jdbc.datasource.DataSourceTransactionManager">
        <property name="dataSource" ref="dataSource" />
    </bean>
    <tx:annotation-driven proxy-target-class="true" />


    <!-- 会话ID生成器 -->
    <bean id="sessionIdGenerator" class="org.apache.shiro.session.mgt.eis.JavaUuidSessionIdGenerator"/>
    <!-- 会话管理器，设定会话超时及保存 -->
    <bean id="sessionManager" class="org.apache.shiro.web.session.mgt.DefaultWebSessionManager">
        <!-- 全局会话超时时间（单位毫秒），默认30分钟 -->
        <property name="globalSessionTimeout" value="1800000" />
        <property name="sessionDAO" ref="sessionDAO"/>
    </bean>
    <!-- 会话验证调度器，每30分钟执行一次验证 -->
    <!-- <bean id="sessionValidationScheduler" class="org.apache.shiro.session.mgt.quartz.QuartzSessionValidationScheduler"> -->
    <bean id="sessionValidationScheduler" class="org.apache.shiro.session.mgt.ExecutorServiceSessionValidationScheduler">
        <property name="interval" value="1800000"/>
        <property name="sessionManager" ref="sessionManager"/>
    </bean>
    <!-- sessionDAO保存认证信息 -->
    <bean id="sessionDAO" class="org.apache.shiro.session.mgt.eis.EnterpriseCacheSessionDAO">
        <property name="activeSessionsCacheName" value="shiro-activeSessionCache" />

        <property name="sessionIdGenerator" ref="sessionIdGenerator"/>
    </bean>
    <!-- AOP式方法级权限检查 -->
    <bean class="org.springframework.aop.framework.autoproxy.DefaultAdvisorAutoProxyCreator" depends-on="lifecycleBeanPostProcessor">
        <property name="proxyTargetClass" value="true" />
    </bean>

</beans>