<?xml version="1.0" encoding="UTF-8"?>
<!DOCTYPE generatorConfiguration
        PUBLIC "-//mybatis.org//DTD MyBatis Generator Configuration 1.0//EN"
        "http://mybatis.org/dtd/mybatis-generator-config_1_0.dtd">

<generatorConfiguration>

    <context id="xxx" targetRuntime="MyBatis3Simple">


        <commentGenerator>
            <property name="suppressDate" value="true" />
        </commentGenerator>
        <!-- 数据库连接 -->
        <jdbcConnection driverClass="org.mariadb.jdbc.Driver"
                        connectionURL="jdbc:mariadb://localhost/c_logistics"
                        userId="root" password="123456">
        </jdbcConnection>

        <!-- Model生成规则 -->
        <javaModelGenerator targetPackage="com.cchong.logistics.entity" targetProject="src/main/java">
            <property name="trimStrings" value="true" />
        </javaModelGenerator>

        <sqlMapGenerator targetPackage="mapper"  targetProject="src/main/resources"/>
        <!-- dao 规则 -->
        <javaClientGenerator type="XMLMAPPER" targetPackage="com.cchong.logistics.dao"  targetProject="src/main/java">
            <property name="enableSubPackages" value="true" />
        </javaClientGenerator>
        <table tableName="%">
            <generatedKey column="id" sqlStatement="Mysql"/>
        </table>
    </context>
</generatorConfiguration>