<?xml version="1.0" encoding="UTF-8"?>
<!DOCTYPE mapper PUBLIC "-//mybatis.org//DTD Mapper 3.0//EN" "http://mybatis.org/dtd/mybatis-3-mapper.dtd">
<mapper namespace="com.cchong.logistics.dao.AdminMapper">
  <resultMap id="BaseResultMap" type="com.cchong.logistics.entity.Admin">
    <!--
      WARNING - @mbg.generated
      This element is automatically generated by MyBatis Generator, do not modify.
    -->
    <id column="a_id" jdbcType="INTEGER" property="aId" />
    <result column="a_account" jdbcType="VARCHAR" property="aAccount" />
    <result column="a_password" jdbcType="VARCHAR" property="aPassword" />
    <result column="a_phone" jdbcType="VARCHAR" property="aPhone" />
    <result column="a_rank" jdbcType="VARCHAR" property="aRank" />
    <result column="remarks" jdbcType="VARCHAR" property="remarks" />
  </resultMap>
  <delete id="deleteByPrimaryKey" parameterType="java.lang.Integer">
    <!--
      WARNING - @mbg.generated
      This element is automatically generated by MyBatis Generator, do not modify.
    -->
    delete from admin
    where a_id = #{aId,jdbcType=INTEGER}
  </delete>
  <insert id="insert" parameterType="com.cchong.logistics.entity.Admin">
    <!--
      WARNING - @mbg.generated
      This element is automatically generated by MyBatis Generator, do not modify.
    -->
    insert into admin ( a_account, a_password,a_phone,
      a_rank, remarks)
    values (#{aAccount,jdbcType=VARCHAR}, #{aPassword,jdbcType=VARCHAR}, #{aPhone,jdbcType=VARCHAR},
      #{aRank,jdbcType=VARCHAR}, #{remarks,jdbcType=VARCHAR})
  </insert>
  <update id="updateByPrimaryKey" parameterType="com.cchong.logistics.entity.Admin">
    <!--
      WARNING - @mbg.generated
      This element is automatically generated by MyBatis Generator, do not modify.
    -->
    update admin
    set a_account = #{aAccount,jdbcType=VARCHAR},
      a_password = #{aPassword,jdbcType=VARCHAR},
    a_phone = #{aPhone,jdbcType=VARCHAR},
      a_rank = #{aRank,jdbcType=VARCHAR},
      remarks = #{remarks,jdbcType=VARCHAR}
    where a_id = #{aId,jdbcType=INTEGER}
  </update>
    <update id="updatePassword">
       update admin
    set  a_password = #{password,jdbcType=VARCHAR}
     where a_id = #{aId,jdbcType=INTEGER}
    </update>
    <select id="selectByPrimaryKey" parameterType="java.lang.Integer" resultMap="BaseResultMap">
    <!--
      WARNING - @mbg.generated
      This element is automatically generated by MyBatis Generator, do not modify.
    -->
    select a_id, a_account, a_password,a_phone ,a_rank, remarks
    from admin
    where a_id = #{aId,jdbcType=INTEGER}
  </select>
  <select id="selectAll" resultMap="BaseResultMap">
    <!--
      WARNING - @mbg.generated
      This element is automatically generated by MyBatis Generator, do not modify.
    -->
    select a_id, a_account, a_password,a_phone ,a_rank, remarks
    from admin
  </select>
    <select id="count" resultType="java.lang.Integer">
      select count (*) from admin
    </select>
    <select id="yzm" resultType="com.cchong.logistics.entity.Admin">
       select a_id, a_account, a_password,a_phone ,a_rank, remarks
      from admin where a_phone = #{phone}
    </select>
  <select id="yzms" resultType="com.cchong.logistics.entity.Admin">
     select a_id, a_account, a_password,a_phone ,a_rank, remarks
      from admin where a_phone = #{phone} or a_account = #{phone}
  </select>
</mapper>