<?xml version="1.0" encoding="UTF-8"?>
<!DOCTYPE mapper PUBLIC "-//mybatis.org//DTD Mapper 3.0//EN" "http://mybatis.org/dtd/mybatis-3-mapper.dtd">
<mapper namespace="com.cchong.logistics.dao.CollectionFeeMapper">
  <resultMap id="BaseResultMap" type="com.cchong.logistics.entity.CollectionFee">
    <!--
      WARNING - @mbg.generated
      This element is automatically generated by MyBatis Generator, do not modify.
    -->
    <id column="c_id" jdbcType="INTEGER" property="cId" />
    <result column="c_date" jdbcType="VARCHAR" property="cDate" />
    <result column="mileage" jdbcType="VARCHAR" property="mileage" />
    <result column="c_starting" jdbcType="VARCHAR" property="cStarting" />
    <result column="remarks" jdbcType="VARCHAR" property="remarks" />
    <result column="c_type" jdbcType="VARCHAR" property="cType" />
  </resultMap>
  <delete id="deleteByPrimaryKey" parameterType="java.lang.Integer">
    <!--
      WARNING - @mbg.generated
      This element is automatically generated by MyBatis Generator, do not modify.
    -->
    delete from collection_fee
    where c_id = #{cId,jdbcType=INTEGER}
  </delete>
  <insert id="insert" parameterType="com.cchong.logistics.entity.CollectionFee">
    <!--
      WARNING - @mbg.generated
      This element is automatically generated by MyBatis Generator, do not modify.
    -->
    insert into collection_fee (c_id, c_date, mileage, 
      c_starting, remarks, c_type
      )
    values (#{cId,jdbcType=INTEGER}, #{cDate,jdbcType=VARCHAR}, #{mileage,jdbcType=VARCHAR}, 
      #{cStarting,jdbcType=VARCHAR}, #{remarks,jdbcType=VARCHAR}, #{cType,jdbcType=VARCHAR}
      )
  </insert>
  <update id="updateByPrimaryKey" parameterType="com.cchong.logistics.entity.CollectionFee">
    <!--
      WARNING - @mbg.generated
      This element is automatically generated by MyBatis Generator, do not modify.
    -->
    update collection_fee
    set c_date = #{cDate,jdbcType=VARCHAR},
      mileage = #{mileage,jdbcType=VARCHAR},
      c_starting = #{cStarting,jdbcType=VARCHAR},
      remarks = #{remarks,jdbcType=VARCHAR},
      c_type = #{cType,jdbcType=VARCHAR}
    where c_id = #{cId,jdbcType=INTEGER}
  </update>
  <select id="selectByPrimaryKey" parameterType="java.lang.Integer" resultMap="BaseResultMap">
    <!--
      WARNING - @mbg.generated
      This element is automatically generated by MyBatis Generator, do not modify.
    -->
    select c_id, c_date, mileage, c_starting, remarks, c_type
    from collection_fee
    where c_id = #{cId,jdbcType=INTEGER}
  </select>
  <select id="selectAll" resultMap="BaseResultMap">
    <!--
      WARNING - @mbg.generated
      This element is automatically generated by MyBatis Generator, do not modify.
    -->
    select c_id, c_date, mileage, c_starting, remarks, c_type
    from collection_fee where c_type like concat('%',#{cType},'%')
  </select>
  <select id="count" resultType="java.lang.Integer">
      select count (*) from collection_fee where c_type like concat('%',#{cType},'%')
    </select>
</mapper>