<?xml version="1.0" encoding="UTF-8"?>
<!DOCTYPE mapper PUBLIC "-//mybatis.org//DTD Mapper 3.0//EN" "http://mybatis.org/dtd/mybatis-3-mapper.dtd">
<mapper namespace="com.cchong.logistics.dao.DriverInformationMapper">
    <resultMap id="BaseResultMap" type="com.cchong.logistics.entity.DriverInformation">
        <!--
          WARNING - @mbg.generated
          This element is automatically generated by MyBatis Generator, do not modify.
        -->
        <id column="d_id" jdbcType="INTEGER" property="dId"/>
        <result column="d_name" jdbcType="VARCHAR" property="dName"/>
        <result column="d_sex" jdbcType="VARCHAR" property="dSex"/>
        <result column="d_uuid" jdbcType="VARCHAR" property="dUuid"/>
        <result column="d_phone" jdbcType="VARCHAR" property="dPhone"/>
        <result column="d_password" jdbcType="VARCHAR" property="dPassword"/>
        <result column="card" jdbcType="VARCHAR" property="card"/>
        <result column="d_balance" jdbcType="DECIMAL" property="dBalance"/>
        <result column="register_date" jdbcType="TIMESTAMP" property="registerDate"/>
    </resultMap>
    <delete id="deleteByPrimaryKey" parameterType="java.lang.Integer">
        <!--
          WARNING - @mbg.generated
          This element is automatically generated by MyBatis Generator, do not modify.
        -->
        delete from driver_information
        where d_id = #{dId,jdbcType=INTEGER}
    </delete>
    <insert id="insert" parameterType="com.cchong.logistics.entity.DriverInformation">
        <!--
          WARNING - @mbg.generated
          This element is automatically generated by MyBatis Generator, do not modify.
        -->
        insert into driver_information ( d_name, d_sex,
        d_uuid, d_phone, d_password,
        card, d_balance, register_date
        )
        values ( #{dName,jdbcType=VARCHAR}, #{dSex,jdbcType=VARCHAR},
        #{dUuid,jdbcType=VARCHAR}, #{dPhone,jdbcType=VARCHAR}, #{dPassword,jdbcType=VARCHAR},
        0, 0, now()
        )
        <!--insert into driver_information ( d_name, d_sex,
        d_uuid, d_phone, d_password , register_date)
        values (#{dName,jdbcType=VARCHAR}, #{dSex,jdbcType=VARCHAR},
        #{dUuid,jdbcType=VARCHAR}, #{dPhone,jdbcType=VARCHAR},
        #{dPassword,jdbcType=VARCHAR}, now()
        )-->
    </insert>
    <update id="updateByPrimaryKey" parameterType="com.cchong.logistics.entity.DriverInformation">
        <!--
          WARNING - @mbg.generated
          This element is automatically generated by MyBatis Generator, do not modify.
        -->
        update driver_information
        set d_name = #{dName,jdbcType=VARCHAR},
        d_sex = #{dSex,jdbcType=VARCHAR},
        d_uuid = #{dUuid,jdbcType=VARCHAR},
        d_phone = #{dPhone,jdbcType=VARCHAR},
        d_password = #{dPassword,jdbcType=VARCHAR}
        where d_id = #{dId,jdbcType=INTEGER}
    </update>
    <update id="updatePassword">
         update driver_information
         d_password = #{password,jdbcType=VARCHAR}
        where d_id = #{dId,jdbcType=INTEGER}
    </update>
    <select id="selectByPrimaryKey" parameterType="java.lang.Integer" resultMap="BaseResultMap">
        <!--
          WARNING - @mbg.generated
          This element is automatically generated by MyBatis Generator, do not modify.
        -->
        select d_id, d_name, d_sex, d_uuid, d_phone, d_password, card, d_balance, register_date
        from driver_information
        where d_id = #{dId,jdbcType=INTEGER}
    </select>
    <select id="selectAll" resultMap="BaseResultMap">
        <!--
          WARNING - @mbg.generated
          This element is automatically generated by MyBatis Generator, do not modify.
        -->
        select d_id, d_name, d_sex, d_uuid, d_phone, d_password, card, d_balance, register_date
        from driver_information
    </select>
    <select id="count" resultType="java.lang.Integer">
      select count (*) from driver_information
    </select>
    <select id="countVague" resultType="java.lang.Integer">
         select count (*) from driver_information
        <where>
            <if test="dName != null">
                and d_name like concat('%',#{dName},'%')
            </if>
            <if test="dSex != null ">
                and d_sex like concat('%',#{dSex},'%')
            </if>
            <if test="dPhone != null ">
                and d_phone like concat('%',#{dPhone},'%')
            </if>
        </where>
    </select>
    <select id="selectVague" resultType="com.cchong.logistics.entity.DriverInformation">
        select * from driver_information
        <where>
            <if test="dName != null">
                and d_name like concat('%',#{dName},'%')
            </if>
            <if test="dSex != null ">
                and d_sex like concat('%',#{dSex},'%')
            </if>
            <if test="dPhone != null ">
                and d_phone like concat('%',#{dPhone},'%')
            </if>
        </where>
    </select>
    <select id="yzm" resultType="com.cchong.logistics.entity.DriverInformation">
        select * from driver_information where d_phone = #{phone}
    </select>
</mapper>