<?xml version="1.0" encoding="UTF-8"?>
<!DOCTYPE mapper PUBLIC "-//mybatis.org//DTD Mapper 3.0//EN" "http://mybatis.org/dtd/mybatis-3-mapper.dtd">
<mapper namespace="com.cchong.logistics.dao.EmployeeInformationMapper">
  <resultMap id="BaseResultMap" type="com.cchong.logistics.entity.EmployeeInformation">
    <!--
      WARNING - @mbg.generated
      This element is automatically generated by MyBatis Generator, do not modify.
    -->
    <id column="e_no" jdbcType="INTEGER" property="eNo" />
    <result column="e_name" jdbcType="VARCHAR" property="eName" />
    <result column="e_sex" jdbcType="VARCHAR" property="eSex" />
    <result column="e_birthhday" jdbcType="DATE" property="eBirthhday" />
    <result column="e_phone" jdbcType="VARCHAR" property="ePhone" />
    <result column="e_password" jdbcType="VARCHAR" property="ePassword" />
    <result column="firm_name" jdbcType="VARCHAR" property="firmName" />
    <result column="remarks" jdbcType="VARCHAR" property="remarks" />
  </resultMap>
  <delete id="deleteByPrimaryKey" parameterType="java.lang.Integer">
    <!--
      WARNING - @mbg.generated
      This element is automatically generated by MyBatis Generator, do not modify.
    -->
    delete from employee_information
    where e_no = #{eNo,jdbcType=INTEGER}
  </delete>
  <insert id="insert" parameterType="com.cchong.logistics.entity.EmployeeInformation">
    <!--
      WARNING - @mbg.generated
      This element is automatically generated by MyBatis Generator, do not modify.
    -->
    insert into employee_information (e_no, e_name, e_sex, 
      e_birthhday, e_phone, e_password, 
      firm_name, remarks)
    values (#{eNo,jdbcType=INTEGER}, #{eName,jdbcType=VARCHAR}, #{eSex,jdbcType=VARCHAR}, 
      #{eBirthhday,jdbcType=DATE}, #{ePhone,jdbcType=VARCHAR}, #{ePassword,jdbcType=VARCHAR}, 
      #{firmName,jdbcType=VARCHAR}, #{remarks,jdbcType=VARCHAR})
  </insert>
  <update id="updateByPrimaryKey" parameterType="com.cchong.logistics.entity.EmployeeInformation">
    <!--
      WARNING - @mbg.generated
      This element is automatically generated by MyBatis Generator, do not modify.
    -->
    update employee_information
    set e_name = #{eName,jdbcType=VARCHAR},
      e_sex = #{eSex,jdbcType=VARCHAR},
      e_birthhday = #{eBirthhday,jdbcType=DATE},
      e_phone = #{ePhone,jdbcType=VARCHAR},
      e_password = #{ePassword,jdbcType=VARCHAR},
      firm_name = #{firmName,jdbcType=VARCHAR},
      remarks = #{remarks,jdbcType=VARCHAR}
    where e_no = #{eNo,jdbcType=INTEGER}
  </update>
  <select id="selectByPrimaryKey" parameterType="java.lang.Integer" resultMap="BaseResultMap">
    <!--
      WARNING - @mbg.generated
      This element is automatically generated by MyBatis Generator, do not modify.
    -->
    select e_no, e_name, e_sex, e_birthhday, e_phone, e_password, firm_name, remarks
    from employee_information
    where e_no = #{eNo,jdbcType=INTEGER}
  </select>
  <select id="selectAll" resultMap="BaseResultMap">
    <!--
      WARNING - @mbg.generated
      This element is automatically generated by MyBatis Generator, do not modify.
    -->
    select e_no, e_name, e_sex, e_birthhday, e_phone, e_password, firm_name, remarks
    from employee_information
  </select>
  <select id="count" resultType="java.lang.Integer">
      select count (*) from employee_information
    </select>
</mapper>