<?xml version="1.0" encoding="UTF-8"?>
<!DOCTYPE mapper PUBLIC "-//mybatis.org//DTD Mapper 3.0//EN" "http://mybatis.org/dtd/mybatis-3-mapper.dtd">
<mapper namespace="com.cchong.logistics.dao.EvaluationInformationMapper">
  <resultMap id="BaseResultMap" type="com.cchong.logistics.entity.EvaluationInformation">
    <!--
      WARNING - @mbg.generated
      This element is automatically generated by MyBatis Generator, do not modify.
    -->
    <id column="e_id" jdbcType="INTEGER" property="eId" />
    <result column="d_id" jdbcType="INTEGER" property="dId" />
    <result column="o_id" jdbcType="INTEGER" property="oId" />
    <result column="d_name" jdbcType="VARCHAR" property="dName" />
    <result column="s_id" jdbcType="INTEGER" property="sId" />
    <result column="s_name" jdbcType="VARCHAR" property="sName" />
    <result column="fraction" jdbcType="VARCHAR" property="fraction" />
    <result column="e_content" jdbcType="VARCHAR" property="eContent" />
  </resultMap>
  <delete id="deleteByPrimaryKey" parameterType="java.lang.Integer">
    <!--
      WARNING - @mbg.generated
      This element is automatically generated by MyBatis Generator, do not modify.
    -->
    delete from evaluation_information
    where e_id = #{eId,jdbcType=INTEGER}
  </delete>
  <insert id="insert" parameterType="com.cchong.logistics.entity.EvaluationInformation">
    <!--
      WARNING - @mbg.generated
      This element is automatically generated by MyBatis Generator, do not modify.
    -->
    insert into evaluation_information (o_id, d_id, d_name,
      s_id, s_name, fraction, 
      e_content)
    values (#{oId,jdbcType=VARCHAR}, #{dId,jdbcType=INTEGER}, #{dName,jdbcType=VARCHAR},
      #{sId,jdbcType=INTEGER}, #{sName,jdbcType=VARCHAR}, #{fraction,jdbcType=VARCHAR}, 
      #{eContent,jdbcType=VARCHAR})
  </insert>
  <update id="updateByPrimaryKey" parameterType="com.cchong.logistics.entity.EvaluationInformation">
    <!--
      WARNING - @mbg.generated
      This element is automatically generated by MyBatis Generator, do not modify.
    -->
    update evaluation_information
    set
    o_id = #{oId,jdbcType=VARCHAR},
      d_id = #{dId,jdbcType=INTEGER},
      d_name = #{dName,jdbcType=VARCHAR},
      s_id = #{sId,jdbcType=INTEGER},
      s_name = #{sName,jdbcType=VARCHAR},
      fraction = #{fraction,jdbcType=VARCHAR},
      e_content = #{eContent,jdbcType=VARCHAR}
    where e_id = #{eId,jdbcType=INTEGER}
  </update>
  <select id="selectByPrimaryKey" parameterType="java.lang.Integer" resultMap="BaseResultMap">
    <!--
      WARNING - @mbg.generated
      This element is automatically generated by MyBatis Generator, do not modify.
    -->
    select e_id,o_id, d_id, d_name, s_id, s_name, fraction, e_content
    from evaluation_information
    where e_id = #{eId,jdbcType=INTEGER}
  </select>
  <select id="selectAll" resultMap="BaseResultMap">
    <!--
      WARNING - @mbg.generated
      This element is automatically generated by MyBatis Generator, do not modify.
    -->
    select e_id, o_id,d_id, d_name, s_id, s_name, fraction, e_content
    from evaluation_information
    <where>
      <if test="fsid == 1">
        and fraction  &lt;= 1
      </if>
      <if test="fsid == 2">
        and fraction &gt; 1 and fraction &lt;= 2
      </if>
      <if test="fsid == 3">
        and fraction &gt; 2 and fraction &lt;= 3
      </if>
      <if test="fsid == 4">
        and fraction &gt; 3 and fraction &lt;= 4
      </if>
      <if test="fsid == 5">
        and fraction = 5
      </if>
      <if test="dName != null">
        and d_name like concat('%',#{dName},'%')
      </if>
      <if test="sName != null">
        and s_name like concat('%',#{sName},'%')
      </if>
    </where>
  </select>
  <select id="count" resultType="java.lang.Integer">
      select count (*) from evaluation_information
      <where>
        <if test="fsid == 1">
          and fraction  &lt;= 1
        </if>
        <if test="fsid == 2">
          and fraction &gt; 1 and fraction &lt;= 2
        </if>
        <if test="fsid == 3">
          and fraction &gt; 2 and fraction &lt;= 3
        </if>
        <if test="fsid == 4">
          and fraction &gt; 3 and fraction &lt;= 4
        </if>
        <if test="fsid == 5">
          and fraction = 5
        </if>
        <if test="dName != null">
          and d_name like concat('%',#{dName},'%')
        </if>
        <if test="sName != null">
          and s_name like concat('%',#{sName},'%')
        </if>
      </where>
    </select>
  <select id="selectoId" resultType="com.cchong.logistics.entity.EvaluationInformation">
    select * from evaluation_information where o_id = #{oId} limit 0,1
  </select>
</mapper>