<?xml version="1.0" encoding="UTF-8"?>
<!DOCTYPE mapper PUBLIC "-//mybatis.org//DTD Mapper 3.0//EN" "http://mybatis.org/dtd/mybatis-3-mapper.dtd">
<mapper namespace="com.cchong.logistics.dao.FinanceInfoMapper">
    <resultMap id="BaseResultMap" type="com.cchong.logistics.entity.FinanceInfo">
        <!--
          WARNING - @mbg.generated
          This element is automatically generated by MyBatis Generator, do not modify.
        -->
        <id column="f_id" jdbcType="INTEGER" property="fId"/>
        <result column="befor_money" jdbcType="DECIMAL" property="beforMoney"/>
        <result column="after_money" jdbcType="DECIMAL" property="afterMoney"/>
        <result column="f_money" jdbcType="DECIMAL" property="fMoney"/>
        <result column="f_type" jdbcType="VARCHAR" property="fType"/>
        <result column="f_name_type" jdbcType="VARCHAR" property="fNameType"/>
        <result column="f_ids" jdbcType="INTEGER" property="fIds"/>
        <result column="f_name" jdbcType="VARCHAR" property="fName"/>
        <result column="f_date" jdbcType="TIMESTAMP" property="fDate"/>
    </resultMap>
    <delete id="deleteByPrimaryKey" parameterType="java.lang.Integer">
        <!--
          WARNING - @mbg.generated
          This element is automatically generated by MyBatis Generator, do not modify.
        -->
        delete from finance_info
        where f_id = #{fId,jdbcType=INTEGER}
    </delete>
    <insert id="insert" parameterType="com.cchong.logistics.entity.FinanceInfo">
        <!--
          WARNING - @mbg.generated
          This element is automatically generated by MyBatis Generator, do not modify.
        -->
        insert into finance_info ( befor_money, after_money,
        f_money, f_type, f_name_type,
        f_ids, f_name, f_date
        )
        values (#{beforMoney,jdbcType=DECIMAL}, #{afterMoney,jdbcType=DECIMAL},
        #{fMoney,jdbcType=DECIMAL}, #{fType,jdbcType=VARCHAR}, #{fNameType,jdbcType=VARCHAR},
        #{fIds,jdbcType=INTEGER}, #{fName,jdbcType=VARCHAR}, #{fDate,jdbcType=TIMESTAMP}
        )
    </insert>
    <update id="updateByPrimaryKey" parameterType="com.cchong.logistics.entity.FinanceInfo">
        <!--
          WARNING - @mbg.generated
          This element is automatically generated by MyBatis Generator, do not modify.
        -->
        update finance_info
        set befor_money = #{beforMoney,jdbcType=DECIMAL},
        after_money = #{afterMoney,jdbcType=DECIMAL},
        f_money = #{fMoney,jdbcType=DECIMAL},
        f_type = #{fType,jdbcType=VARCHAR},
        f_name_type = #{fNameType,jdbcType=VARCHAR},
        f_ids = #{fIds,jdbcType=INTEGER},
        f_name = #{fName,jdbcType=VARCHAR},
        f_date = #{fDate,jdbcType=TIMESTAMP}
        where f_id = #{fId,jdbcType=INTEGER}
    </update>
    <select id="selectByPrimaryKey" parameterType="java.lang.Integer" resultMap="BaseResultMap">
        <!--
          WARNING - @mbg.generated
          This element is automatically generated by MyBatis Generator, do not modify.
        -->
        select f_id, befor_money, after_money, f_money, f_type, f_name_type, f_ids, f_name,
        f_date
        from finance_info
        where f_id = #{fId,jdbcType=INTEGER}
    </select>
    <select id="selectAll" resultMap="BaseResultMap">
        <!--
          WARNING - @mbg.generated
          This element is automatically generated by MyBatis Generator, do not modify.
        -->
        select f_id, befor_money, after_money, f_money, f_type, f_name_type, f_ids, f_name,
        f_date
        from finance_info
    </select>
    <select id="count" resultType="java.lang.Integer">
      select count (*) from finance_info
    </select>
    <select id="countType" resultType="java.lang.Integer">
      select count (*) from finance_info
        <where>
            <if test="fName != null">
                f_name like concat('%',#{fName},'%')
            </if>
            <if test="fNameType != null">
                and f_name_type like concat('%',#{fNameType},'%')
            </if>
            <if test="fType != null">
                and  f_type like concat('%',#{fType},'%')
            </if>
        </where>
    </select>
    <select id="selectType" resultType="com.cchong.logistics.entity.FinanceInfo">
    select * from finance_info
     <where>
         <if test="fName != null">
             f_name like concat('%',#{fName},'%')
         </if>
         <if test="fNameType != null">
             and f_name_type like concat('%',#{fNameType},'%')
         </if>
         <if test="fType != null">
           and  f_type like concat('%',#{fType},'%')
         </if>
     </where>
  </select>
</mapper>