<?xml version="1.0" encoding="UTF-8"?>
<!DOCTYPE mapper PUBLIC "-//mybatis.org//DTD Mapper 3.0//EN" "http://mybatis.org/dtd/mybatis-3-mapper.dtd">
<mapper namespace="com.cchong.logistics.dao.LocationsMapper">
  <resultMap id="BaseResultMap" type="com.cchong.logistics.entity.Locations">
    <!--
      WARNING - @mbg.generated
      This element is automatically generated by MyBatis Generator, do not modify.
    -->
    <id column="id" jdbcType="INTEGER" property="id" />
    <result column="add_name" jdbcType="VARCHAR" property="addName" />
    <result column="end_name" jdbcType="VARCHAR" property="endName" />
    <result column="add_ip" jdbcType="VARCHAR" property="addIp" />
    <result column="l_type" jdbcType="INTEGER" property="type" />
    <result column="pei_yong" jdbcType="VARCHAR" property="peiYong" />
    <result column="pei_yongs" jdbcType="VARCHAR" property="peiYongs" />
    <result column="price" jdbcType="DECIMAL" property="price"/>
  </resultMap>
  <delete id="deleteByPrimaryKey" parameterType="java.lang.Integer">
    <!--
      WARNING - @mbg.generated
      This element is automatically generated by MyBatis Generator, do not modify.
    -->
    delete from locations
    where id = #{id,jdbcType=INTEGER}
  </delete>
  <insert id="insert" parameterType="com.cchong.logistics.entity.Locations">
    <!--
      WARNING - @mbg.generated
      This element is automatically generated by MyBatis Generator, do not modify.
    -->
    <selectKey keyProperty="id" order="BEFORE" resultType="java.lang.Integer">
      SELECT LAST_INSERT_ID()
    </selectKey>
    insert into locations ( add_name, add_ip,end_ip, end_name,price,
    l_type, pei_yong, pei_yongs
      )
    values ( #{addName,jdbcType=VARCHAR}, #{addIp,jdbcType=VARCHAR},#{endIp,jdbcType=VARCHAR},
      #{endName,jdbcType=VARCHAR},#{price,jdbcType=DECIMAL},
      #{type,jdbcType=INTEGER}, #{peiYong,jdbcType=VARCHAR}, #{peiYongs,jdbcType=VARCHAR}
      )
  </insert>
  <update id="updateByPrimaryKey" parameterType="com.cchong.logistics.entity.Locations">
    <!--
      WARNING - @mbg.generated
      This element is automatically generated by MyBatis Generator, do not modify.
    -->
    update locations
    set add_name = #{addName,jdbcType=VARCHAR},
      add_ip = #{addIp,jdbcType=VARCHAR},
    l_type = #{type,jdbcType=INTEGER},
      pei_yong = #{peiYong,jdbcType=VARCHAR},
      pei_yongs = #{peiYongs,jdbcType=VARCHAR}
    where id = #{id,jdbcType=INTEGER}
  </update>
  <update id="updateType">
     update locations
     set  l_type = #{type}  where id = #{id}
  </update>
  <select id="selectByPrimaryKey" parameterType="java.lang.Integer" resultMap="BaseResultMap">
    <!--
      WARNING - @mbg.generated
      This element is automatically generated by MyBatis Generator, do not modify.
    -->
    select *
    from locations
    where id = #{id,jdbcType=INTEGER}
  </select>
  <select id="selectAll" resultMap="BaseResultMap">
    <!--
      WARNING - @mbg.generated
      This element is automatically generated by MyBatis Generator, do not modify.
    -->
    select *
    from locations
  </select>
</mapper>