<?xml version="1.0" encoding="UTF-8"?>
<!DOCTYPE mapper PUBLIC "-//mybatis.org//DTD Mapper 3.0//EN" "http://mybatis.org/dtd/mybatis-3-mapper.dtd">
<mapper namespace="com.cchong.logistics.dao.NoticeMapper">
  <resultMap id="BaseResultMap" type="com.cchong.logistics.entity.Notice">
    <!--
      WARNING - @mbg.generated
      This element is automatically generated by MyBatis Generator, do not modify.
    -->
    <id column="infro_id" jdbcType="INTEGER" property="infroId" />
    <result column="n_content" jdbcType="VARCHAR" property="nContent" />
    <result column="direction" jdbcType="VARCHAR" property="direction" />
  </resultMap>
  <delete id="deleteByPrimaryKey" parameterType="java.lang.Integer">
    <!--
      WARNING - @mbg.generated
      This element is automatically generated by MyBatis Generator, do not modify.
    -->
    delete from notice
    where infro_id = #{infroId,jdbcType=INTEGER}
  </delete>
  <insert id="insert" parameterType="com.cchong.logistics.entity.Notice">
    <!--
      WARNING - @mbg.generated
      This element is automatically generated by MyBatis Generator, do not modify.
    -->
    insert into notice (infro_id, n_content, direction
      )
    values (#{infroId,jdbcType=INTEGER}, #{nContent,jdbcType=VARCHAR}, #{direction,jdbcType=VARCHAR}
      )
  </insert>
  <update id="updateByPrimaryKey" parameterType="com.cchong.logistics.entity.Notice">
    <!--
      WARNING - @mbg.generated
      This element is automatically generated by MyBatis Generator, do not modify.
    -->
    update notice
    set n_content = #{nContent,jdbcType=VARCHAR},
      direction = #{direction,jdbcType=VARCHAR}
    where infro_id = #{infroId,jdbcType=INTEGER}
  </update>
  <select id="selectByPrimaryKey" parameterType="java.lang.Integer" resultMap="BaseResultMap">
    <!--
      WARNING - @mbg.generated
      This element is automatically generated by MyBatis Generator, do not modify.
    -->
    select infro_id, n_content, direction
    from notice
    where infro_id = #{infroId,jdbcType=INTEGER}
  </select>
  <select id="selectDirection" resultType="string">
    <!--
      WARNING - @mbg.generated
      This element is automatically generated by MyBatis Generator, do not modify.
    -->
    select  n_content
    from notice
    where direction = #{direction,jdbcType=VARCHAR}
  </select>
  <select id="selectAll" resultMap="BaseResultMap">
    <!--
      WARNING - @mbg.generated
      This element is automatically generated by MyBatis Generator, do not modify.
    -->
    select infro_id, n_content, direction
    from notice
  </select>
  <select id="count" resultType="java.lang.Integer">
      select count (*) from notice
    </select>
</mapper>