<?xml version="1.0" encoding="UTF-8"?>
<!DOCTYPE mapper PUBLIC "-//mybatis.org//DTD Mapper 3.0//EN" "http://mybatis.org/dtd/mybatis-3-mapper.dtd">
<mapper namespace="com.cchong.logistics.dao.OrderInformationMapper">
    <resultMap id="BaseResultMap" type="com.cchong.logistics.entity.OrderInformation">
        <!--
          WARNING - @mbg.generated
          This element is automatically generated by MyBatis Generator, do not modify.
        -->
        <id column="o_id" jdbcType="VARCHAR" property="oId"/>
        <result column="o_type" jdbcType="INTEGER" property="oType"/>
        <result column="contacts" jdbcType="VARCHAR" property="contacts"/>
        <result column="start_date" jdbcType="TIMESTAMP" property="startDate"/>
        <result column="end_date" jdbcType="TIMESTAMP" property="endDate"/>
        <result column="price" jdbcType="DECIMAL" property="price"/>
        <result column="shipping_address" jdbcType="VARCHAR" property="shippingAddress"/>
        <result column="receiving_address" jdbcType="VARCHAR" property="receivingAddress"/>
        <result column="s_id" jdbcType="INTEGER" property="sId"/>
        <result column="d_id" jdbcType="INTEGER" property="dId"/>
        <result column="o_state" jdbcType="VARCHAR" property="oState"/>
        <result column="o_remarks" jdbcType="VARCHAR" property="oRemarks"/>
    </resultMap>
    <delete id="deleteByPrimaryKey" parameterType="java.lang.String">
        <!--
          WARNING - @mbg.generated
          This element is automatically generated by MyBatis Generator, do not modify.
        -->
        delete from order_information
        where o_id = #{oId,jdbcType=VARCHAR}
    </delete>
    <insert id="insert" parameterType="com.cchong.logistics.entity.OrderInformation">
        <!--
          WARNING - @mbg.generated
          This element is automatically generated by MyBatis Generator, do not modify.
        -->
        insert into order_information (o_id,o_type, contacts,
        start_date, price,
        shipping_address, receiving_address, s_id,
        o_state,o_remarks
        )
        values (#{oId} ,#{oType,jdbcType=INTEGER}, #{contacts,jdbcType=VARCHAR},
        #{startDate,jdbcType=TIMESTAMP}, #{price,jdbcType=DECIMAL},
        #{shippingAddress,jdbcType=VARCHAR}, #{receivingAddress,jdbcType=VARCHAR}, #{sId,jdbcType=INTEGER},
        #{oState,jdbcType=VARCHAR}, #{oRemarks,jdbcType=VARCHAR}
        )
    </insert>
    <update id="updateByPrimaryKey" parameterType="com.cchong.logistics.entity.OrderInformation">
        <!--
          WARNING - @mbg.generated
          This element is automatically generated by MyBatis Generator, do not modify.
        -->
        update order_information
        set o_type = #{oType,jdbcType=INTEGER},
        contacts = #{contacts,jdbcType=VARCHAR},
        start_date = #{startDate,jdbcType=TIMESTAMP},
        end_date = #{endDate,jdbcType=TIMESTAMP},
        price = #{price,jdbcType=DECIMAL},
        shipping_address = #{shippingAddress,jdbcType=VARCHAR},
        receiving_address = #{receivingAddress,jdbcType=VARCHAR},
        s_id = #{sId,jdbcType=INTEGER},
        d_id = #{dId,jdbcType=INTEGER},
        o_state = #{oState,jdbcType=VARCHAR},
        o_remarks = #{oRemarks,jdbcType=VARCHAR}
        where o_id = #{oId,jdbcType=VARCHAR}
    </update>
    <update id="updateSet">
        update order_information
        set  o_state = #{oState}
            <if test="dId != 0 ">
                , d_id = #{dId}
            </if>
        <if test="endDate != 0 ">
            , end_date = now()
        </if>
        where o_id = #{oId,jdbcType=VARCHAR}
    </update>
    <select id="selectByPrimaryKey" parameterType="java.lang.String" resultMap="BaseResultMap">
        <!--
          WARNING - @mbg.generated
          This element is automatically generated by MyBatis Generator, do not modify.
        -->
        select o_id, o_type, contacts, start_date, end_date, price, shipping_address, receiving_address,
        s_id, d_id, o_state,  o_remarks
        from order_information
        where o_id = #{oId,jdbcType=VARCHAR}
    </select>
    <select id="selectAll" resultMap="BaseResultMap">
        <!--
          WARNING - @mbg.generated
          This element is automatically generated by MyBatis Generator, do not modify.
        -->
        select o_id, o_type, contacts, start_date, end_date, price, shipping_address, receiving_address,
        s_id, d_id, o_state, o_remarks
        from order_information
    </select>
    <select id="count" resultType="java.lang.Integer">
      select count (*) from order_information
    </select>
    <select id="selectStart" resultType="com.cchong.logistics.entity.OrderInformation">
        select * from order_information
        <where>
            <if test="oState != null">
                o_state like concat('%',#{oState},'%')
            </if>
            <if test="contacts != null">
                and contacts like concat('%',#{contacts},'%')
            </if>
            <if test="oId != null">
                and o_id like concat('%',#{oId},'%')
            </if>
            <if test="sId != 0">
                and s_Id = #{sId}
            </if>
            <if test="dId != 0">
                and d_Id = #{dId}
            </if>
        </where>
    </select>
    <select id="countStart" resultType="java.lang.Integer">
        select count(*) from order_information
        <where>
            <if test="oState != null">
                o_state like concat('%',#{oState},'%')
            </if>
            <if test="contacts != null">
                and contacts like concat('%',#{contacts},'%')
            </if>
            <if test="oId != null">
                and o_id like concat('%',#{oId},'%')
            </if>
            <if test="sId != 0">
                and s_Id = #{sId}
            </if>
            <if test="dId != 0">
                and d_Id = #{dId}
            </if>
        </where>
    </select>
    <select id="countType" resultType="java.lang.Integer">
        select count(*) from order_information where o_state like concat('%', #{type}, '%')
        <if test="sId != 0">
            and s_Id = #{sId}
        </if>
        <if test="dId != 0 ">
            and d_id = #{dId}
        </if>
    </select>


</mapper>