<?xml version="1.0" encoding="UTF-8"?>
<!DOCTYPE mapper PUBLIC "-//mybatis.org//DTD Mapper 3.0//EN" "http://mybatis.org/dtd/mybatis-3-mapper.dtd">
<mapper namespace="com.cchong.logistics.dao.SCollectMapper">
  <resultMap id="BaseResultMap" type="com.cchong.logistics.entity.SCollect">
    <!--
      WARNING - @mbg.generated
      This element is automatically generated by MyBatis Generator, do not modify.
    -->
    <id column="c_id" jdbcType="INTEGER" property="cId" />
    <result column="phone" jdbcType="VARCHAR" property="phone" />
    <result column="name" jdbcType="VARCHAR" property="name" />
    <result column="s_id" jdbcType="INTEGER" property="sId" />
  </resultMap>
  <delete id="deleteByPrimaryKey" parameterType="java.lang.Integer">
    <!--
      WARNING - @mbg.generated
      This element is automatically generated by MyBatis Generator, do not modify.
    -->
    delete from s_collect
    where c_id = #{cId,jdbcType=INTEGER}
  </delete>
  <insert id="insert" parameterType="com.cchong.logistics.entity.SCollect">
    <!--
      WARNING - @mbg.generated
      This element is automatically generated by MyBatis Generator, do not modify.
    -->
    insert into s_collect (c_id, phone, name, 
      s_id)
    values (#{cId,jdbcType=INTEGER}, #{phone,jdbcType=VARCHAR}, #{name,jdbcType=VARCHAR}, 
      #{sId,jdbcType=INTEGER})
  </insert>
  <update id="updateByPrimaryKey" parameterType="com.cchong.logistics.entity.SCollect">
    <!--
      WARNING - @mbg.generated
      This element is automatically generated by MyBatis Generator, do not modify.
    -->
    update s_collect
    set phone = #{phone,jdbcType=VARCHAR},
      name = #{name,jdbcType=VARCHAR},
      s_id = #{sId,jdbcType=INTEGER}
    where c_id = #{cId,jdbcType=INTEGER}
  </update>
  <select id="selectByPrimaryKey" parameterType="java.lang.Integer" resultMap="BaseResultMap">
    <!--
      WARNING - @mbg.generated
      This element is automatically generated by MyBatis Generator, do not modify.
    -->
    select c_id, phone, name, s_id
    from s_collect
    where c_id = #{cId,jdbcType=INTEGER}
  </select>
  <select id="selectAll" resultMap="BaseResultMap">
    <!--
      WARNING - @mbg.generated
      This element is automatically generated by MyBatis Generator, do not modify.
    -->
    select c_id, phone, name, s_id
    from s_collect
  </select>
  <select id="count" resultType="java.lang.Integer">
      select count (*) from s_collect
    </select>
</mapper>