<?xml version="1.0" encoding="UTF-8"?>
<!DOCTYPE mapper PUBLIC "-//mybatis.org//DTD Mapper 3.0//EN" "http://mybatis.org/dtd/mybatis-3-mapper.dtd">
<mapper namespace="com.cchong.logistics.dao.ShipperInformationMapper">
  <resultMap id="BaseResultMap" type="com.cchong.logistics.entity.ShipperInformation">
    <!--
      WARNING - @mbg.generated
      This element is automatically generated by MyBatis Generator, do not modify.
    -->
    <id column="s_id" jdbcType="INTEGER" property="sId" />
    <result column="s_name" jdbcType="VARCHAR" property="sName" />
    <result column="s_sex" jdbcType="VARCHAR" property="sSex" />
    <result column="s_phone" jdbcType="VARCHAR" property="sPhone" />
    <result column="s_password" jdbcType="VARCHAR" property="sPassword" />
    <result column="s_uuid" jdbcType="VARCHAR" property="sUuid" />
    <result column="s_balance" jdbcType="DECIMAL" property="sBalance" />
    <result column="register_date" jdbcType="TIMESTAMP" property="registerDate" />
  </resultMap>
  <delete id="deleteByPrimaryKey" parameterType="java.lang.Integer">
    <!--
      WARNING - @mbg.generated
      This element is automatically generated by MyBatis Generator, do not modify.
    -->
    delete from shipper_information
    where s_id = #{sId,jdbcType=INTEGER}
  </delete>
  <insert id="insert" parameterType="com.cchong.logistics.entity.ShipperInformation">
    <!--
      WARNING - @mbg.generated
      This element is automatically generated by MyBatis Generator, do not modify.
    -->
    insert into shipper_information ( s_name, s_sex,
      s_phone, s_password, s_uuid, 
      s_balance, register_date)
    values ( #{sName,jdbcType=VARCHAR}, #{sSex,jdbcType=VARCHAR},
      #{sPhone,jdbcType=VARCHAR}, #{sPassword,jdbcType=VARCHAR}, #{sUuid,jdbcType=VARCHAR}, 
      0, now())
  </insert>
  <update id="updateByPrimaryKey" parameterType="com.cchong.logistics.entity.ShipperInformation">
    <!--
      WARNING - @mbg.generated
      This element is automatically generated by MyBatis Generator, do not modify.
    -->
    update shipper_information
    set s_name = #{sName,jdbcType=VARCHAR},
      s_sex = #{sSex,jdbcType=VARCHAR},
      s_phone = #{sPhone,jdbcType=VARCHAR},
      s_password = #{sPassword,jdbcType=VARCHAR},
      s_uuid = #{sUuid,jdbcType=VARCHAR}
    where s_id = #{sId,jdbcType=INTEGER}
  </update>
    <update id="updatePassword">
       update shipper_information
    set   s_password = #{password,jdbcType=VARCHAR}
    where s_id = #{sId,jdbcType=INTEGER}
    </update>
    <select id="selectByPrimaryKey" parameterType="java.lang.Integer" resultMap="BaseResultMap">
    <!--
      WARNING - @mbg.generated
      This element is automatically generated by MyBatis Generator, do not modify.
    -->
    select s_id, s_name, s_sex, s_phone, s_password, s_uuid, s_balance, register_date
    from shipper_information
    where s_id = #{sId,jdbcType=INTEGER}
  </select>
  <select id="selectAll" resultMap="BaseResultMap">
    <!--
      WARNING - @mbg.generated
      This element is automatically generated by MyBatis Generator, do not modify.
    -->
    select s_id, s_name, s_sex, s_phone, s_password, s_uuid, s_balance, register_date
    from shipper_information
    <where>
      <if test="sName != null">
        and s_name like concat('%',#{sName},'%')
      </if>
      <if test="sSex != null ">
        and s_sex like concat('%',#{sSex},'%')
      </if>
      <if test="sPhone != null ">
        and s_phone like concat('%',#{sPhone},'%')
      </if>
    </where>
  </select>
  <select id="count" resultType="java.lang.Integer">
      select count (*) from shipper_information
    <where>
      <if test="sName != null">
        and s_name like concat('%',#{sName},'%')
      </if>
      <if test="sSex != null ">
        and s_sex like concat('%',#{sSex},'%')
      </if>
      <if test="sPhone != null ">
        and s_phone like concat('%',#{sPhone},'%')
      </if>
    </where>
    </select>
    <select id="yzm" resultType="com.cchong.logistics.entity.ShipperInformation">
      select * from   shipper_information where s_phone = #{phone}
    </select>
</mapper>