<?xml version="1.0" encoding="UTF-8"?>
<!DOCTYPE mapper PUBLIC "-//mybatis.org//DTD Mapper 3.0//EN" "http://mybatis.org/dtd/mybatis-3-mapper.dtd">
<mapper namespace="com.cchong.logistics.dao.VehicleTypeMapper">
  <resultMap id="BaseResultMap" type="com.cchong.logistics.entity.VehicleType">
    <!--
      WARNING - @mbg.generated
      This element is automatically generated by MyBatis Generator, do not modify.
    -->
    <id column="t_id" jdbcType="INTEGER" property="tId" />
    <result column="v_name" jdbcType="VARCHAR" property="vName" />
    <result column="v_load" jdbcType="VARCHAR" property="vLoad" />
    <result column="v_zgk" jdbcType="VARCHAR" property="vZgk" />
    <result column="v_s" jdbcType="VARCHAR" property="vS" />
  </resultMap>
  <delete id="deleteByPrimaryKey" parameterType="java.lang.Integer">
    <!--
      WARNING - @mbg.generated
      This element is automatically generated by MyBatis Generator, do not modify.
    -->
    delete from vehicle_type
    where t_id = #{tId,jdbcType=INTEGER}
  </delete>
  <insert id="insert" parameterType="com.cchong.logistics.entity.VehicleType">
    <!--
      WARNING - @mbg.generated
      This element is automatically generated by MyBatis Generator, do not modify.
    -->
    insert into vehicle_type (t_id, v_name, v_load, 
      v_zgk, v_s)
    values (#{tId,jdbcType=INTEGER}, #{vName,jdbcType=VARCHAR}, #{vLoad,jdbcType=VARCHAR}, 
      #{vZgk,jdbcType=VARCHAR}, #{vS,jdbcType=VARCHAR})
  </insert>
  <update id="updateByPrimaryKey" parameterType="com.cchong.logistics.entity.VehicleType">
    <!--
      WARNING - @mbg.generated
      This element is automatically generated by MyBatis Generator, do not modify.
    -->
    update vehicle_type
    set v_name = #{vName,jdbcType=VARCHAR},
      v_load = #{vLoad,jdbcType=VARCHAR},
      v_zgk = #{vZgk,jdbcType=VARCHAR},
      v_s = #{vS,jdbcType=VARCHAR}
    where t_id = #{tId,jdbcType=INTEGER}
  </update>
  <select id="selectByPrimaryKey" parameterType="java.lang.Integer" resultMap="BaseResultMap">
    <!--
      WARNING - @mbg.generated
      This element is automatically generated by MyBatis Generator, do not modify.
    -->
    select t_id, v_name, v_load, v_zgk, v_s
    from vehicle_type
    where t_id = #{tId,jdbcType=INTEGER}
  </select>
  <select id="selectAll" resultMap="BaseResultMap">
    <!--
      WARNING - @mbg.generated
      This element is automatically generated by MyBatis Generator, do not modify.
    -->
    select t_id, v_name, v_load, v_zgk, v_s
    from vehicle_type where v_name like concat('%',#{vName})
  </select>
  <select id="count" resultType="java.lang.Integer">
      select count (*) from vehicle_type where v_name like concat('%',#{vName})
    </select>
  <select id="selectGroup" resultMap="BaseResultMap">
    <!--
      WARNING - @mbg.generated
      This element is automatically generated by MyBatis Generator, do not modify.
    -->

    select t_id,v_name from vehicle_type group by v_name
  </select>

</mapper>