<?xml version="1.0" encoding="UTF-8"?>
<!DOCTYPE mapper PUBLIC "-//mybatis.org//DTD Mapper 3.0//EN" "http://mybatis.org/dtd/mybatis-3-mapper.dtd">
<mapper namespace="com.cchong.logistics.dao.VehicleMapper">
  <resultMap id="BaseResultMap" type="com.cchong.logistics.entity.Vehicle">
    <!--
      WARNING - @mbg.generated
      This element is automatically generated by MyBatis Generator, do not modify.
    -->
    <id column="v_id" jdbcType="INTEGER" property="vId" />
    <result column="license" jdbcType="VARCHAR" property="license" />
    <result column="v_type" jdbcType="VARCHAR" property="vType" />
    <result column="v_color" jdbcType="VARCHAR" property="vColor" />
    <result column="t_type" jdbcType="INTEGER" property="tType" />
    <result column="d_id" jdbcType="INTEGER" property="dId" />
    <result column="remarks" jdbcType="VARCHAR" property="remarks" />
    <collection property="vehicleType" autoMapping="true" resultMap="vehicleType"/>
  </resultMap>
  <resultMap id="vehicleType" type="com.cchong.logistics.entity.VehicleType" autoMapping="true"/>

  <delete id="deleteByPrimaryKey" parameterType="java.lang.Integer">
    <!--
      WARNING - @mbg.generated
      This element is automatically generated by MyBatis Generator, do not modify.
    -->
    delete from vehicle
    where v_id = #{vId,jdbcType=INTEGER}
  </delete>
  <insert id="insert" parameterType="com.cchong.logistics.entity.Vehicle">
    <!--
      WARNING - @mbg.generated
      This element is automatically generated by MyBatis Generator, do not modify.
    -->
    insert into vehicle (v_id, license, v_type, 
      v_color, t_type, d_id, 
      remarks)
    values (#{vId,jdbcType=INTEGER}, #{license,jdbcType=VARCHAR}, #{vType,jdbcType=VARCHAR}, 
      #{vColor,jdbcType=VARCHAR}, #{tType,jdbcType=INTEGER}, #{dId,jdbcType=INTEGER}, 
      #{remarks,jdbcType=VARCHAR})
  </insert>
  <update id="updateByPrimaryKey" parameterType="com.cchong.logistics.entity.Vehicle">
    <!--
      WARNING - @mbg.generated
      This element is automatically generated by MyBatis Generator, do not modify.
    -->
    update vehicle
    set license = #{license,jdbcType=VARCHAR},
      v_type = #{vType,jdbcType=VARCHAR},
      v_color = #{vColor,jdbcType=VARCHAR},
      t_type = #{tType,jdbcType=INTEGER},
      d_id = #{dId,jdbcType=INTEGER},
      remarks = #{remarks,jdbcType=VARCHAR}
    where v_id = #{vId,jdbcType=INTEGER}
  </update>
  <select id="selectByPrimaryKey" parameterType="java.lang.Integer" resultMap="BaseResultMap">
    <!--
      WARNING - @mbg.generated
      This element is automatically generated by MyBatis Generator, do not modify.
    -->
    select v_id, license, v_type, v_color, t_type, d_id, remarks
    from vehicle
    where v_id = #{vId,jdbcType=INTEGER}
  </select>
  <select id="selectAll" resultMap="BaseResultMap">
    <!--
      WARNING - @mbg.generated
      This element is automatically generated by MyBatis Generator, do not modify.
    -->
    select * from vehicle c
    join vehicle_type t on c.t_type=t.t_id
    <where>
      <if test="license != null and license != '' ">
        and license like concat('%',#{license},'%')
      </if>
      <if test="iId != null and iId != '' ">
        and t_type = #{iId}
      </if>
    </where>
  </select>
  <select id="count" resultType="java.lang.Integer">
      select count(*) from  vehicle c
    <where>
      <if test="license != null">
        and license like concat('%',#{license},'%')
      </if>
      <if test="iId != null">
        and t_type = #{iId}
      </if>
    </where>
    </select>
    <select id="selectdId" resultType="com.cchong.logistics.entity.Vehicle">
       select * from vehicle where d_id = #{id} limit 0,1
    </select>
</mapper>