<?xml version="1.0" encoding="UTF-8"?>
<!DOCTYPE mapper PUBLIC "-//mybatis.org//DTD Mapper 3.0//EN" "http://mybatis.org/dtd/mybatis-3-mapper.dtd">
<mapper namespace="com.cchong.logistics.dao.VerificationCodeMapper">
  <resultMap id="BaseResultMap" type="com.cchong.logistics.entity.VerificationCode">
    <!--
      WARNING - @mbg.generated
      This element is automatically generated by MyBatis Generator, do not modify.
    -->
    <id column="id" jdbcType="INTEGER" property="id" />
    <result column="yzm" jdbcType="INTEGER" property="yzm" />
    <result column="v_type" jdbcType="VARCHAR" property="vType" />
    <result column="v_date" jdbcType="TIMESTAMP" property="vDate" />
    <result column="v_phone" jdbcType="VARCHAR" property="vPhone" />
  </resultMap>
  <delete id="deleteByPrimaryKey" parameterType="java.lang.Integer">
    <!--
      WARNING - @mbg.generated
      This element is automatically generated by MyBatis Generator, do not modify.
    -->
    delete from verificationcode
    where id = #{id,jdbcType=INTEGER}
  </delete>
  <insert id="insert" parameterType="com.cchong.logistics.entity.VerificationCode">
    <!--
      WARNING - @mbg.generated
      This element is automatically generated by MyBatis Generator, do not modify.
    -->
    <selectKey keyProperty="id" order="BEFORE" resultType="java.lang.Integer">
      SELECT LAST_INSERT_ID()
    </selectKey>
    insert into verificationcode (yzm, v_type,
       v_phone)
    values (#{yzm,jdbcType=VARCHAR}, #{vType,jdbcType=VARCHAR},  #{vPhone,jdbcType=VARCHAR})
  </insert>
  <update id="updateByPrimaryKey" parameterType="com.cchong.logistics.entity.VerificationCode">
    <!--
      WARNING - @mbg.generated
      This element is automatically generated by MyBatis Generator, do not modify.
    -->
    update verificationcode
    set yzm = #{yzm,jdbcType=VARCHAR},
      v_type = #{vType,jdbcType=VARCHAR},
      v_date = #{vDate,jdbcType=TIMESTAMP},
      v_phone = #{vPhone,jdbcType=VARCHAR}
    where id = #{id,jdbcType=INTEGER}
  </update>
  <select id="selectByPrimaryKey" parameterType="java.lang.Integer" resultMap="BaseResultMap">
    <!--
      WARNING - @mbg.generated
      This element is automatically generated by MyBatis Generator, do not modify.
    -->
    select id, yzm, v_type, v_date, v_phone
    from verificationcode
    where id = #{id,jdbcType=INTEGER}
  </select>
  <select id="selectAll" resultMap="BaseResultMap">
    <!--
      WARNING - @mbg.generated
      This element is automatically generated by MyBatis Generator, do not modify.
    -->
    select id, yzm, v_type, v_date, v_phone
    from verificationcode
  </select>
  <select id="selectLogin" resultType="com.cchong.logistics.entity.VerificationCode">
    select * from verificationcode where v_date > SUBDATE(now(),interval 2 minute) and v_type = 'dl' and v_phone = #{vPhone} and yzm = #{yzm} order by v_date desc limit 0,1
  </select>
</mapper>